{"0.0": 3.6681854622767474, "5.0": 3.6681585419918505, "13.0": 3.6680034849971466, "21.0": 3.6677106174455365, "29.0": 3.667279972348111, "37.0": 3.666711598242582, "44.0": 3.6661013400482294, "53.0": 3.665161934733731, "61.0": 3.6641808199424526, "68.0": 3.663209645961711, "77.0": 3.661806576885463, "85.0": 3.6604137159999794, "94.0": 3.6586830511347106, "102.0": 3.656999366105688, "111.0": 3.6549419849563685, "121.0": 3.6524536402369563, "131.0": 3.6497527024706833, "144.0": 3.645924441209028, "152.0": 3.64339089765527, "161.0": 3.640379257974154, "169.0": 3.637559107807522, "176.0": 3.634981224757405, "184.0": 3.6319093674429412, "192.0": 3.6287037547021224, "202.0": 3.624509193290501, "212.0": 3.620106933970162, "221.0": 3.615967953598371, "231.0": 3.611173215777368, "242.0": 3.605661834251447, "253.0": 3.5999031166158413, "262.0": 3.59500831517382, "272.0": 3.589377247390144, "282.0": 3.5835445999802844, "292.0": 3.5775113848113693, "302.0": 3.5712786473728286, "311.0": 3.565499483090448, "321.0": 3.558890652749422, "330.0": 3.5527748331422613, "340.0": 3.5457940295670016, "352.0": 3.5371610330138115, "362.0": 3.5297549608884826, "371.0": 3.5229259070508623, "380.0": 3.5159428574364933, "392.0": 3.506394252868627, "405.0": 3.4957456635242257, "415.0": 3.487340986493131, "425.0": 3.4787522692392328, "434.0": 3.470866275827538, "443.0": 3.46283347690581, "452.0": 3.454654975346071, "461.0": 3.4463318922039687, "480.0": 3.4282912878918212, "491.0": 3.417558837200242, "500.0": 3.4086226203254006, "510.0": 3.3985313327146445, "519.0": 3.3893045794417254, "530.0": 3.377843292639271, "540.0": 3.3672499910553895, "550.0": 3.356492842223497, "559.0": 3.346672793299322, "566.0": 3.338945064472795, "576.0": 3.3277703208662146, "585.0": 3.3175784919182845, "595.0": 3.3061064375973297, "605.0": 3.2944806250442666, "616.0": 3.281516912751637, "625.0": 3.270775358683775, "634.0": 3.2599139334566636, "644.0": 3.247706832498762, "653.0": 3.236597054619513, "662.0": 3.22537189183645, "671.0": 3.214032810097445, "681.0": 3.201302018608494, "690.0": 3.1897273049712553, "699.0": 3.17804330268145, "709.0": 3.1649347362325835, "718.0": 3.15302498263443, "727.0": 3.141010668497168, "736.0": 3.1288933327395076, "745.0": 3.1166745230491437, "754.0": 3.104355795555102, "763.0": 3.09193871449934, "770.0": 3.082213993323758, "779.0": 3.0696259478205947, "787.0": 3.058357637356703, "795.0": 3.0470161977789183, "803.0": 3.0356027509897894, "811.0": 3.024118422812216, "819.0": 3.012564342805888, "827.0": 3.0009416440836927, "836.0": 2.9877855023915694, "848.0": 2.970113930434754, "857.0": 2.9567648251885004, "864.0": 2.946326809668828, "872.0": 2.934339393289144, "880.0": 2.9222909414949347, "888.0": 2.9101826084659796, "896.0": 2.8980155503574694, "904.0": 2.885790925118415, "911.0": 2.8750480665307707, "919.0": 2.862718629433137, "927.0": 2.850334962662601, "935.0": 2.837898229412345, "943.0": 2.8254095937908494, "950.0": 2.814440377166463, "958.0": 2.801857564664382, "966.0": 2.7892262000877914, "974.0": 2.7765474494112694, "983.0": 2.762228665537671, "991.0": 2.7494530908075894, "999.0": 2.7366337731796806, "1007.0": 2.723771877714958, "1015.0": 2.710868568808849, "1023.0": 2.69792501001974, "1031.0": 2.6849423638984713, "1039.0": 2.6719217918188463, "1047.0": 2.6588644538091564, "1055.0": 2.6457715083847924, "1062.0": 2.634286881402402, "1070.0": 2.6211302886646477, "1079.0": 2.606290586599541, "1088.0": 2.774820933597345, "1096.0": 2.761560168741116, "1104.0": 2.748263958459503, "1112.0": 2.7349334469091415, "1120.0": 2.7780682679205, "1128.0": 2.7653408124162464, "1137.0": 2.7509869997500687, "1146.0": 2.7365971563933322, "1154.0": 2.723777174555278, "1163.0": 2.70932344776615, "1170.0": 2.6980597224975593, "1179.0": 2.6835508343153363, "1187.0": 2.67062971659136, "1195.0": 2.657686806091795, "1203.0": 2.6447231595243132, "1211.0": 2.6317398300657127, "1219.0": 2.6187378672278068, "1227.0": 2.6057183167247175, "1235.0": 2.5926787745648934, "1243.0": 2.5796168330864955, "1252.0": 2.564896662929631, "1259.0": 2.5534298874555215, "1268.0": 2.5386652673690753, "1276.0": 2.5255218261733985, "1284.0": 2.5123612497566605, "1292.0": 2.499184553383357, "1300.0": 2.485992748152142, "1308.0": 2.4727868408776095, "1316.0": 2.459567833973577, "1324.0": 2.446336725337872, "1334.0": 2.4297823342151137, "1344.0": 2.413212515298163, "1353.0": 2.3982880726684184, "1363.0": 2.45879318948175, "1373.0": 2.6264437489087236, "1381.0": 2.6138192444598287, "1390.0": 2.5995946959691283, "1399.0": 2.5853481167421823, "1408.0": 2.571080792103842, "1417.0": 2.5567940013092283, "1424.0": 2.545669409974972, "1433.0": 2.5313511518477854, "1441.0": 2.518610385538636, "1449.0": 2.5058579016845046, "1458.0": 2.4914984434291956, "1466.0": 2.4787239673851897, "1474.0": 2.4659405009200057, "1482.0": 2.4531489075096835, "1490.0": 2.440350046028006, "1498.0": 2.427544770666644, "1506.0": 2.4147339308566558, "1514.0": 2.4019183711913183, "1523.0": 2.3874962701717624, "1532.0": 2.373070446171852, "1544.0": 2.3538322609914766, "1553.0": 2.3394023242031583, "1562.0": 2.3249725650850586, "1570.0": 2.312147193096251, "1578.0": 2.2993236750288455, "1587.0": 2.2849004263657875, "1595.0": 2.2720834899542734, "1603.0": 2.259270882156289, "1612.0": 2.2448628437815925, "1622.0": 2.2288628360844784, "1631.0": 2.214472056585255, "1641.0": 2.1984939181366636, "1654.0": 2.177742963012373, "1664.0": 2.1617983951618167, "1673.0": 2.1474627600318836, "1683.0": 2.1315516680414084, "1692.0": 2.1172484619826486, "1702.0": 2.101375932281081, "1711.0": 2.087109686087596, "1720.0": 2.072862501255492, "1730.0": 2.057055849546733, "1739.0": 2.042852127680113, "1750.0": 2.025522120766917, "1762.0": 2.006656337220071, "1771.0": 1.992535468780182, "1780.0": 1.9784400322108784, "1789.0": 1.9643709426952596, "1798.0": 1.950329104716901, "1807.0": 1.9363154120101893, "1817.0": 1.9207787257548727, "1828.0": 1.9037311889398065, "1838.0": 1.888273631884772, "1848.0": 1.8728555637124373, "1857.0": 1.8590140110634494, "1866.0": 1.8452061933396422, "1875.0": 1.8314329217240635, "1884.0": 1.817694996332208, "1893.0": 1.8039932061869495, "1902.0": 1.7903283291959586, "1912.0": 1.8958863668097716, "1922.0": 1.8814968132408505, "1931.0": 1.868584078503463, "1941.0": 1.854279555679334, "1949.0": 1.8428691149823753, "1957.0": 1.8314886869050875, "1966.0": 1.9431582479412859, "1978.0": 1.8017613178013603, "1988.0": 1.787681694635788, "1997.0": 1.775053110684038, "2007.0": 1.7610700068888943, "2017.0": 1.747138939704115, "2026.0": 2.156433774555252, "2035.0": 2.143384711209502, "2044.0": 2.2599669299150955, "2054.0": 2.2461558380932747, "2063.0": 2.2337367439330156, "2073.0": 2.3759855869346818, "2082.0": 2.3647431215275714, "2092.0": 2.352251870380943, "2101.0": 2.474220880361355, "2109.0": 2.464716178610841, "2117.0": 2.4552065406824983, "2126.0": 2.444502689219756, "2134.0": 2.4349836044695468, "2142.0": 2.4254605621566716, "2152.0": 2.4135516671111685, "2163.0": 2.4014537805042346, "2172.0": 2.6658422888191358, "2182.0": 2.549933495478997, "2192.0": 2.722852480979318, "2201.0": 2.8525651808612507, "2210.0": 2.9832838897005525, "2220.0": 2.973862793602749, "2230.0": 2.823601977908942, "2240.0": 2.8135612711674463, "2250.0": 2.8034885439035016, "2260.0": 2.793378873683543, "2270.0": 2.7853103757283315, "2279.0": 2.7763366496131163, "2288.0": 2.7673337834351837, "2297.0": 2.758302100323788, "2307.0": 2.7482334962665633, "2316.0": 2.7391420530482784, "2336.0": 3.011707335347313, "2347.0": 3.0015264323474455, "2358.0": 2.9912551446552453, "2367.0": 3.1307785747724313, "2376.0": 3.122676249669058, "2384.0": 3.1154104037853783, "2392.0": 3.1080811787464624, "2400.0": 3.100688866409728, "2408.0": 3.093233765411812, "2416.0": 3.085716181149958, "2425.0": 3.0771846007384442, "2433.0": 3.0695352842997217, "2441.0": 3.0708667060949937, "2449.0": 3.067785628738164, "2458.0": 3.0615134464610216, "2468.0": 3.13109335514617, "2476.0": 3.124528191485492,